{"cameraMode":{"drawMode":0,"name":"Shaded","section":"Shading Mode"},"sceneLighting":true,"audioPlay":false,"sceneViewState":{"m_AlwaysRefresh":false,"showFog":true,"showSkybox":true,"showFlares":true,"showImageEffects":true,"showParticleSystems":true,"showVisualEffectGraphs":true,"m_FxEnabled":false},"in2DMode":false,"pivot":{"x":2.593518018722534,"y":-26.81243896484375,"z":-2.632537841796875},"rotation":{"x":0.516993522644043,"y":-0.0014556720852851868,"z":0.001028351136483252,"w":0.8560428023338318},"size":45.224952697753909,"orthographic":false}