{"cameraMode":{"drawMode":0,"name":"Shaded","section":"Shading Mode"},"sceneLighting":true,"audioPlay":false,"sceneViewState":{"m_AlwaysRefresh":false,"showFog":true,"showSkybox":true,"showFlares":true,"showImageEffects":true,"showParticleSystems":true,"showVisualEffectGraphs":true,"m_FxEnabled":false},"in2DMode":false,"pivot":{"x":1.369348406791687,"y":5.4994001388549809,"z":-5.892193794250488},"rotation":{"x":0.2626475393772125,"y":0.02002750337123871,"z":-0.0053207967430353169,"w":0.9647191762924194},"size":6.225135326385498,"orthographic":false}