{"cameraMode":{"drawMode":0,"name":"Shaded","section":"Shading Mode"},"sceneLighting":true,"audioPlay":false,"sceneViewState":{"m_AlwaysRefresh":false,"showFog":true,"showSkybox":true,"showFlares":true,"showImageEffects":true,"showParticleSystems":true,"showVisualEffectGraphs":true,"m_FxEnabled":false},"in2DMode":false,"pivot":{"x":-8.273576736450196,"y":-7.1379804611206059,"z":18.480777740478517},"rotation":{"x":-0.20876449346542359,"y":0.008162164129316807,"z":-0.0018607870442792774,"w":-0.9779889583587647},"size":26.110261917114259,"orthographic":false}